<?xml version="1.0" encoding="utf-8" ?>
<CustomDates>
    <DateLookup>
        <DateName>Shareholder day</DateName>
        <DateValue>14/03/2003</DateValue>
    </DateLookup>
    <DateLookup>
        <DateName>Corporate day</DateName>
        <DateValue>11/03/2003</DateValue>
    </DateLookup>
    <DateLookup>
        <DateName>Customer day</DateName>
        <DateValue>13/03/2003</DateValue>
    </DateLookup>
    <DateLookup>
        <DateName>New year eve</DateName>
        <DateValue>01/01/2003</DateValue>
    </DateLookup>
    <DateLookup>
        <DateName>Year end</DateName>
        <DateValue>31/12/2003</DateValue>
    </DateLookup>
    <DateLookup>
        <DateName>Agenda date</DateName>
        <DateValue>21/03/2003</DateValue>
    </DateLookup>
    <HighlightDates>
        <Date>13/03/2007</Date>
        <Date>17/03/2007</Date>
        <Date>14/03/2007</Date>
        <Date>15/03/2007</Date>
    </HighlightDates>
</CustomDates>

